{
    "depots": [
        {
            "id": 0,
            "capacity": 0,
            "s_init": 0,
            "s_goal": 0,
            "coords": [
                93,
                610
            ],
            "dists_from_depot": [
                348.89683288903615,
                868.488917603443,
                588.0688735173798,
                170.49633427144408,
                840.5171027409258,
                556.1088023040096,
                391.7511965520973,
                230.4886114323222,
                796.7295651599732,
                1033.2240802459069
            ],
            "dists_to_depot": [
                348.89683288903615,
                868.488917603443,
                588.0688735173798,
                170.49633427144408,
                840.5171027409258,
                556.1088023040096,
                391.7511965520973,
                230.4886114323222,
                796.7295651599732,
                1033.2240802459069
            ]
        },
        {
            "id": 1,
            "capacity": 0,
            "s_init": 0,
            "s_goal": 0,
            "coords": [
                817,
                394
            ],
            "dists_from_depot": [
                786.6492229704419,
                426.1373018171491,
                563.7029359511976,
                773.2509295177084,
                189.20095137181525,
                579.5248053362341,
                378.9419480606495,
                545.3411776126941,
                155.18376203714098,
                398.4971769034255
            ],
            "dists_to_depot": [
                786.6492229704419,
                426.1373018171491,
                563.7029359511976,
                773.2509295177084,
                189.20095137181525,
                579.5248053362341,
                378.9419480606495,
                545.3411776126941,
                155.18376203714098,
                398.4971769034255
            ]
        }
    ],
    "stations": [
        {
            "id": 0,
            "capacity": 25,
            "s_init": 23,
            "s_goal": 13,
            "coords": [
                41,
                265
            ]
        },
        {
            "id": 1,
            "capacity": 30,
            "s_init": 9,
            "s_goal": 12,
            "coords": [
                940,
                802
            ]
        },
        {
            "id": 2,
            "capacity": 20,
            "s_init": 14,
            "s_goal": 11,
            "coords": [
                597,
                913
            ]
        },
        {
            "id": 3,
            "capacity": 15,
            "s_init": 0,
            "s_goal": 9,
            "coords": [
                143,
                773
            ]
        },
        {
            "id": 4,
            "capacity": 10,
            "s_init": 6,
            "s_goal": 4,
            "coords": [
                931,
                545
            ]
        },
        {
            "id": 5,
            "capacity": 30,
            "s_init": 24,
            "s_goal": 4,
            "coords": [
                317,
                101
            ]
        },
        {
            "id": 6,
            "capacity": 10,
            "s_init": 9,
            "s_goal": 5,
            "coords": [
                483,
                573
            ]
        },
        {
            "id": 7,
            "capacity": 10,
            "s_init": 1,
            "s_goal": 6,
            "coords": [
                323,
                625
            ]
        },
        {
            "id": 8,
            "capacity": 15,
            "s_init": 9,
            "s_goal": 14,
            "coords": [
                886,
                533
            ]
        },
        {
            "id": 9,
            "capacity": 20,
            "s_init": 0,
            "s_goal": 17,
            "coords": [
                937,
                14
            ]
        }
    ],
    "distances": [
        [
            0,
            1047,
            853,
            518,
            933,
            321,
            538,
            457,
            886,
            930
        ],
        [
            1047,
            0,
            360,
            797,
            257,
            937,
            511,
            641,
            274,
            788
        ],
        [
            853,
            360,
            0,
            475,
            496,
            858,
            358,
            397,
            477,
            961
        ],
        [
            518,
            797,
            475,
            0,
            820,
            694,
            394,
            233,
            780,
            1098
        ],
        [
            933,
            257,
            496,
            820,
            0,
            757,
            448,
            613,
            46,
            531
        ],
        [
            321,
            937,
            858,
            694,
            757,
            0,
            500,
            524,
            714,
            626
        ],
        [
            538,
            511,
            358,
            394,
            448,
            500,
            0,
            168,
            404,
            720
        ],
        [
            457,
            641,
            397,
            233,
            613,
            524,
            168,
            0,
            570,
            866
        ],
        [
            886,
            274,
            477,
            780,
            46,
            714,
            404,
            570,
            0,
            521
        ],
        [
            930,
            788,
            961,
            1098,
            531,
            626,
            720,
            866,
            521,
            0
        ]
    ],
    "vehicles": [
        {
            "id": 0,
            "depot_id": 0,
            "capacity": 10
        },
        {
            "id": 1,
            "depot_id": 0,
            "capacity": 20
        },
        {
            "id": 2,
            "depot_id": 1,
            "capacity": 10
        },
        {
            "id": 3,
            "depot_id": 1,
            "capacity": 20
        }
    ]
}